{
  "TSLA": 1776283265.3025844,
  "COST": 1776744921.1191142,
  "AAPL": 1776744921.1191142,
  "NVDA": 1776775141.3599918,
  "AMZN": 1776739285.4132018,
  "GOOGL": 1776744921.1191142,
  "META": 1776744921.1191142,
  "JPM": 1776802319.4271262,
  "UNH": 1776775141.3599918,
  "SPY": 1776744921.1191142,
  "QQQ": 1776744921.1191142
}