{"TSLA": 1776283265.3025844, "COST": 1776459518.9396303}