{
  "JPM": 1776807146.2488635,
  "NVDA": 1777305518.1921308,
  "GOOGL": 1777305518.1921308
}