{
  "JPM": 1776807146.2488635,
  "NVDA": 1777305518.1921308,
  "GOOGL": 1777393111.3487213,
  "V": 1777564507.2501302
}