{
  "JPM": 1776807146.2488635,
  "NVDA": 1778791315.870587,
  "GOOGL": 1777393111.3487213,
  "V": 1777564507.2501302,
  "AVGO": 1778083729.2270944,
  "XLP": 1778192050.4520814,
  "AAPL": 1778775495.4152918,
  "HON": 1779903049.3749723,
  "LLY": 1779816859.504049,
  "NKE": 1780076489.3401318
}