{
  "JPM": 1781716750.8692126,
  "NVDA": 1778791315.870587,
  "GOOGL": 1777393111.3487213,
  "V": 1777564507.2501302,
  "AVGO": 1780329795.3603523,
  "XLP": 1778192050.4520814,
  "AAPL": 1778775495.4152918,
  "HON": 1780329795.3603523,
  "LLY": 1779816859.504049,
  "NKE": 1780076489.3401318,
  "GS": 1780423760.773842,
  "UNH": 1781112762.0136013,
  "LMT": 1781284395.1665316
}