{
  "JPM": 1781803508.3229373,
  "NVDA": 1778791315.870587,
  "GOOGL": 1777393111.3487213,
  "V": 1777564507.2501302,
  "AVGO": 1780329795.3603523,
  "XLP": 1778192050.4520814,
  "AAPL": 1778775495.4152918,
  "HON": 1780329795.3603523,
  "LLY": 1782766494.5258458,
  "NKE": 1780076489.3401318,
  "GS": 1780423760.773842,
  "UNH": 1782753043.4714742,
  "LMT": 1781284395.1665316,
  "HD": 1782753043.4714742,
  "ABT": 1782491202.8682964,
  "BRK-B": 1782753043.4714742
}