{
  "JPM": 1781803508.3229373,
  "NVDA": 1778791315.870587,
  "GOOGL": 1777393111.3487213,
  "V": 1783008894.0079288,
  "AVGO": 1780329795.3603523,
  "XLP": 1778192050.4520814,
  "AAPL": 1778775495.4152918,
  "HON": 1780329795.3603523,
  "LLY": 1782853385.170558,
  "NKE": 1780076489.3401318,
  "GS": 1780423760.773842,
  "UNH": 1782753043.4714742,
  "LMT": 1783358000.2445493,
  "HD": 1782853385.170558,
  "ABT": 1783442435.318691,
  "BRK-B": 1782923853.3569922,
  "XLV": 1782836992.9835973,
  "DE": 1782923853.3569922,
  "XLF": 1783358000.2445493,
  "AXP": 1783442435.318691
}