{
  "TSLA": 1776283265.3025844,
  "COST": 1776739285.4132018,
  "AAPL": 1776739285.4132018,
  "NVDA": 1776739285.4132018,
  "AMZN": 1776739285.4132018,
  "GOOGL": 1776739285.4132018,
  "META": 1776739285.4132018,
  "JPM": 1776739285.4132018,
  "UNH": 1776739285.4132018,
  "SPY": 1776739285.4132018,
  "QQQ": 1776739285.4132018
}