{
  "JPM": 1776807146.2488635,
  "NVDA": 1778083729.2270944,
  "GOOGL": 1777393111.3487213,
  "V": 1777564507.2501302,
  "AVGO": 1778083729.2270944,
  "XLP": 1778192050.4520814,
  "AAPL": 1778517744.137288
}